[
    {
        "title": "CCTV Camera Portugal",
        "URL_low_res": "rtsp://213.58.156.180/live/ch00_0",
        "URL_high_res": null,
        "is_enabled": true
    },
    {
        "title": "CCTV Camera Spain",
        "URL_low_res": "rtsp://88.26.221.17/live/ch00_0",
        "URL_high_res": null,
        "is_enabled": true
    },
    {
        "title": "CCTV United States - Cam 1",
        "URL_low_res": "rtsp://98.163.61.244/live/ch00_0",
        "URL_high_res": null,
        "is_enabled": true
    },
    {
        "title": "CCTV United States - Cam 2",
        "URL_low_res": "rtsp://207.224.178.221/live/ch00_0",
        "URL_high_res": null,
        "is_enabled": true
    },
    {
        "title": "Interestatal 495 Highway - USA",
        "URL_low_res": "rtsp://170.93.143.139/rtplive/470011e600ef003a004ee33696235daa",
        "URL_high_res": null,
        "is_enabled": true
    },
    {
        "title": "Test camera",
        "URL_low_res": "rtsp://31.0.225.93/cam/realmonitor?channel=3&subtype=00&authbasic=YWRtaW46MTIzOTg3",
        "URL_high_res": null,
        "is_enabled": true
    },
    {
        "title": "AXIS P7214 - Germany",
        "URL_low_res": "rtsp://root:pass@80.84.207.150/axis-media/media.amp",
        "URL_high_res": null,
        "is_enabled": true
    },
    {
        "title": "AXIS M7001 - Korea",
        "URL_low_res": "rtsp://root:pass@121.187.230.163/axis-media/media.amp",
        "URL_high_res": null,
        "is_enabled": true
    },
    {
        "title": "Sony SNC-WR632 - USA",
        "URL_low_res": "rtsp://admin:admin@108.58.215.162/media/video1",
        "URL_high_res": null,
        "is_enabled": true
    },
    {
        "title": "Sony SNC-DH260 - California, Los Angeles",
        "URL_low_res": "rtsp://admin:admin@172.8.60.173/media/video1",
        "URL_high_res": null,
        "is_enabled": true
    },
    {
        "title": "Sony SNC-CH140 - Massachusetts, Ipswich",
        "URL_low_res": "rtsp://admin:admin@71.174.52.92/media/video1",
        "URL_high_res": null,
        "is_enabled": true
    },
    {
        "title": "Sony SNC-EP521 - Uttar Pradesh, India",
        "URL_low_res": "rtsp://admin:admin@119.226.50.195/media/video1",
        "URL_high_res": null,
        "is_enabled": true
    },
    {
        "title": "Linksys - Florida, Jacksonville",
        "URL_low_res": "rtsp://admin:admin@73.28.232.32/img/video.sav",
        "URL_high_res": null,
        "is_enabled": true
    },
    {
        "title": "Live stream from Danmarks plass",
        "URL_low_res": "rtsp://stream.vosskom.no:1935/bt/Danmarksplass.stream",
        "URL_high_res": null,
        "is_enabled": true
    },
    {
        "title": "Live stream TV from Hessdalen - Camera 2",
        "URL_low_res": "rtsp://freja.hiof.no:1935/rtplive/_definst_/hessdalen02.stream",
        "URL_high_res": null,
        "is_enabled": true
    },
    {
        "title": "Live stream TV from Hessdalen - Camera 3",
        "URL_low_res": "rtsp://freja.hiof.no:1935/rtplive/_definst_/hessdalen03.stream",
        "URL_high_res": null,
        "is_enabled": true
    },
    {
        "title": "Live stream from the radar in Hessdalen",
        "URL_low_res": "rtsp://freja.hiof.no:1935/rtplive/_definst_/hessdalen05.stream",
        "URL_high_res": null,
        "is_enabled": true
    },
    {
        "title": "Video on Demand - Big Buck Bunny Comedy Film",
        "URL_low_res": "rtsp://184.72.239.149/vod/mp4:BigBuckBunny_175k.mov",
        "URL_high_res": null,
        "is_enabled": true
    },
    {
        "title": "University British Columbia Tim Hortons Camera",
        "URL_low_res": "rtsp://streamserve.ok.ubc.ca:1935/timcam/timcam.stream",
        "URL_high_res": null,
        "is_enabled": true
    },
    {
        "title": "Live stream TV from France - Grand Lille TV",
        "URL_low_res": "rtsp://str81.creacast.com/grandlilletv/high",
        "URL_high_res": null,
        "is_enabled": true
    },
    {
        "title": "Live stream TV from France - Gong TV",
        "URL_low_res": "rtsp://ec.playmedia.fr:1935/gong-base/live",
        "URL_high_res": null,
        "is_enabled": true
    },
    {
        "title": "Live stream TV from Bulgaria - Balkanika MTV",
        "URL_low_res": "rtsp://stream.teracomm.bg/balkanika",
        "URL_high_res": null,
        "is_enabled": true
    },
    {
        "title": "Live stream TV from Bulgaria - Planeta TV",
        "URL_low_res": "rtsp://stream.teracomm.bg/planeta",
        "URL_high_res": null,
        "is_enabled": true
    },
    {
        "title": "Live stream TV from Bulgaria - FEN TV",
        "URL_low_res": "rtsp://stream.teracomm.bg/fen",
        "URL_high_res": null,
        "is_enabled": true
    },
    {
        "title": "Live stream TV from Hungarian TV - M1 TV",
        "URL_low_res": "rtsp://live.trm.md:1935/live/M1Mlive",
        "URL_high_res": null,
        "is_enabled": true
    },
    {
        "title": "Live stream TV from Italian TV - Alto Adige TV",
        "URL_low_res": "rtsp://77.72.196.214:8554/live/mp4:AltoAdigeTV",
        "URL_high_res": null,
        "is_enabled": true
    },
    {
        "title": "Live stream TV from Spanish TV - Logos TV",
        "URL_low_res": "rtsp://streamer1.streamhost.org:1935/salive/GMIalfah",
        "URL_high_res": null,
        "is_enabled": true
    }
]
