{
    "version": "0.8.0",
    "description": "Expect-lua for Windows",
    "homepage": "https://github.com/hymkor/expect",
    "license": "MIT License",
    "architecture": {
        "32bit": {
            "url": "https://github.com/hymkor/expect/releases/download/v0.8.0/expect-v0.8.0-386.zip",
            "hash": "fe5453fd573cdf48fbc3fc3b8fe26cfeba9b666feaa1ca0c369e5f60e930de57"
        },
        "64bit": {
            "url": "https://github.com/hymkor/expect/releases/download/v0.8.0/expect-v0.8.0-amd64.zip",
            "hash": "975592a1f91a434aea953dd46fb7d2249c27cd9d8e5596743660854ded468085"
        }
    },
    "bin": "expect.exe",
    "checkver": {
        "github": "https://github.com/hymkor/expect",
        "regex": "tag/([\\d\\._]+)"
    },
    "autoupdate": {
        "architecture": {
            "32bit": {
                "url": "https://github.com/hymkor/expect/releases/download/v$version/expect-v$version-386.zip"
            },
            "64bit": {
                "url": "https://github.com/hymkor/expect/releases/download/v$version/expect-v$version-amd64.zip"
            }
        }
    }
}