[{"isActive":true,"env_vars":[["npm_config_cache","./npm_v8.19.4/cache"]],"js_filepath":"/storage/emulated/0/Node.js/npm_v8.19.4/node_modules/npm/bin/npm-cli.js","js_options":["version"],"title":"npm version"},{"isActive":true,"env_vars":[["npm_config_cache","./npm_v8.19.4/cache"]],"js_filepath":"/storage/emulated/0/Node.js/npm_v8.19.4/node_modules/npm/bin/npm-cli.js","js_options":["install","--omit=dev","--omit=optional","--omit=peer","--no-bin-links","--ignore-scripts","--no-audit","--no-fund"],"title":"npm install"},{"isActive":true,"env_vars":[["npm_config_cache","./npm_v8.19.4/cache"]],"js_filepath":"/storage/emulated/0/Node.js/npm_v8.19.4/node_modules/npm/bin/npm-cli.js","js_options":["cache","clean","--force"],"title":"npm clean cache"}]
