{
    "version": "0.10.0",
    "description": "Expect-lua for Windows",
    "homepage": "https://github.com/hymkor/expect",
    "license": "MIT License",
    "architecture": {
        "32bit": {
            "url": "https://github.com/hymkor/expect/releases/download/v0.10.0/expect-v0.10.0-386.zip",
            "hash": "77068d96f2bf022aa238b4c5b00c0509296fca7e96623a045c3dd1c0bb1527f5"
        },
        "64bit": {
            "url": "https://github.com/hymkor/expect/releases/download/v0.10.0/expect-v0.10.0-amd64.zip",
            "hash": "dcd152eaf8b540f432e25467ef648390b850b725d0757485769f77962bebf217"
        }
    },
    "bin": [
        "expect.exe"
    ],
    "checkver": "github",
    "autoupdate": {
        "architecture": {
            "32bit": {
                "url": "https://github.com/hymkor/expect/releases/download/v$version/expect-v$version-386.zip"
            },
            "64bit": {
                "url": "https://github.com/hymkor/expect/releases/download/v$version/expect-v$version-amd64.zip"
            }
        }
    }
}
