{
    "version": "0.11.0",
    "description": "Expect-lua for Windows",
    "homepage": "https://github.com/hymkor/expect",
    "license": "MIT License",
    "architecture": {
        "32bit": {
            "url": "https://github.com/hymkor/expect/releases/download/v0.11.0/expect-v0.11.0-windows-386.zip",
            "hash": "74ac1eb731855262210538fa424d5ec12a06328c42c7cf10449ccff97f92300d"
        },
        "64bit": {
            "url": "https://github.com/hymkor/expect/releases/download/v0.11.0/expect-v0.11.0-windows-amd64.zip",
            "hash": "1e48300cf959f291ece979ad102191cb7593feab129315ec66d63df65a8d35b9"
        }
    },
    "bin": [
        "expect.exe"
    ],
    "checkver": "github",
    "autoupdate": {
        "architecture": {
            "32bit": {
                "url": "https://github.com/hymkor/expect/releases/download/v$version/expect-v$version-windows-386.zip"
            },
            "64bit": {
                "url": "https://github.com/hymkor/expect/releases/download/v$version/expect-v$version-windows-amd64.zip"
            }
        }
    }
}
