{
  "formatVersion": 1,
  "database": {
    "version": 1,
    "identityHash": "b01a8fae755b8b96d36459e885dea04b",
    "entities": [
      {
        "tableName": "apps",
        "createSql": "CREATE TABLE IF NOT EXISTS `${TABLE_NAME}` (`packageName` TEXT NOT NULL, `repoId` INTEGER NOT NULL, `categories` BLOB NOT NULL, `summary` TEXT NOT NULL, `description` TEXT NOT NULL, `changelog` TEXT NOT NULL, `translation` TEXT NOT NULL, `issueTracker` TEXT NOT NULL, `sourceCode` TEXT NOT NULL, `binaries` TEXT NOT NULL, `name` TEXT NOT NULL, `authorName` TEXT NOT NULL, `authorEmail` TEXT NOT NULL, `authorWebSite` TEXT NOT NULL, `donate` TEXT NOT NULL, `liberapayID` TEXT NOT NULL, `liberapay` TEXT NOT NULL, `openCollective` TEXT NOT NULL, `bitcoin` TEXT NOT NULL, `litecoin` TEXT NOT NULL, `flattrID` TEXT NOT NULL, `suggestedVersionName` TEXT NOT NULL, `suggestedVersionCode` INTEGER NOT NULL, `license` TEXT NOT NULL, `webSite` TEXT NOT NULL, `added` INTEGER NOT NULL, `icon` TEXT NOT NULL, `phoneScreenshots` TEXT NOT NULL, `sevenInchScreenshots` TEXT NOT NULL, `tenInchScreenshots` TEXT NOT NULL, `wearScreenshots` TEXT NOT NULL, `tvScreenshots` TEXT NOT NULL, `featureGraphic` TEXT NOT NULL, `promoGraphic` TEXT NOT NULL, `tvBanner` TEXT NOT NULL, `video` TEXT NOT NULL, `lastUpdated` INTEGER NOT NULL, `packages` TEXT NOT NULL, PRIMARY KEY(`repoId`, `packageName`))",
        "fields": [
          {
            "fieldPath": "packageName",
            "columnName": "packageName",
            "affinity": "TEXT",
            "notNull": true
          },
          {
            "fieldPath": "repoId",
            "columnName": "repoId",
            "affinity": "INTEGER",
            "notNull": true
          },
          {
            "fieldPath": "categories",
            "columnName": "categories",
            "affinity": "BLOB",
            "notNull": true
          },
          {
            "fieldPath": "summary",
            "columnName": "summary",
            "affinity": "TEXT",
            "notNull": true
          },
          {
            "fieldPath": "description",
            "columnName": "description",
            "affinity": "TEXT",
            "notNull": true
          },
          {
            "fieldPath": "changelog",
            "columnName": "changelog",
            "affinity": "TEXT",
            "notNull": true
          },
          {
            "fieldPath": "translation",
            "columnName": "translation",
            "affinity": "TEXT",
            "notNull": true
          },
          {
            "fieldPath": "issueTracker",
            "columnName": "issueTracker",
            "affinity": "TEXT",
            "notNull": true
          },
          {
            "fieldPath": "sourceCode",
            "columnName": "sourceCode",
            "affinity": "TEXT",
            "notNull": true
          },
          {
            "fieldPath": "binaries",
            "columnName": "binaries",
            "affinity": "TEXT",
            "notNull": true
          },
          {
            "fieldPath": "name",
            "columnName": "name",
            "affinity": "TEXT",
            "notNull": true
          },
          {
            "fieldPath": "authorName",
            "columnName": "authorName",
            "affinity": "TEXT",
            "notNull": true
          },
          {
            "fieldPath": "authorEmail",
            "columnName": "authorEmail",
            "affinity": "TEXT",
            "notNull": true
          },
          {
            "fieldPath": "authorWebSite",
            "columnName": "authorWebSite",
            "affinity": "TEXT",
            "notNull": true
          },
          {
            "fieldPath": "donate",
            "columnName": "donate",
            "affinity": "TEXT",
            "notNull": true
          },
          {
            "fieldPath": "liberapayID",
            "columnName": "liberapayID",
            "affinity": "TEXT",
            "notNull": true
          },
          {
            "fieldPath": "liberapay",
            "columnName": "liberapay",
            "affinity": "TEXT",
            "notNull": true
          },
          {
            "fieldPath": "openCollective",
            "columnName": "openCollective",
            "affinity": "TEXT",
            "notNull": true
          },
          {
            "fieldPath": "bitcoin",
            "columnName": "bitcoin",
            "affinity": "TEXT",
            "notNull": true
          },
          {
            "fieldPath": "litecoin",
            "columnName": "litecoin",
            "affinity": "TEXT",
            "notNull": true
          },
          {
            "fieldPath": "flattrID",
            "columnName": "flattrID",
            "affinity": "TEXT",
            "notNull": true
          },
          {
            "fieldPath": "suggestedVersionName",
            "columnName": "suggestedVersionName",
            "affinity": "TEXT",
            "notNull": true
          },
          {
            "fieldPath": "suggestedVersionCode",
            "columnName": "suggestedVersionCode",
            "affinity": "INTEGER",
            "notNull": true
          },
          {
            "fieldPath": "license",
            "columnName": "license",
            "affinity": "TEXT",
            "notNull": true
          },
          {
            "fieldPath": "webSite",
            "columnName": "webSite",
            "affinity": "TEXT",
            "notNull": true
          },
          {
            "fieldPath": "added",
            "columnName": "added",
            "affinity": "INTEGER",
            "notNull": true
          },
          {
            "fieldPath": "icon",
            "columnName": "icon",
            "affinity": "TEXT",
            "notNull": true
          },
          {
            "fieldPath": "phoneScreenshots",
            "columnName": "phoneScreenshots",
            "affinity": "TEXT",
            "notNull": true
          },
          {
            "fieldPath": "sevenInchScreenshots",
            "columnName": "sevenInchScreenshots",
            "affinity": "TEXT",
            "notNull": true
          },
          {
            "fieldPath": "tenInchScreenshots",
            "columnName": "tenInchScreenshots",
            "affinity": "TEXT",
            "notNull": true
          },
          {
            "fieldPath": "wearScreenshots",
            "columnName": "wearScreenshots",
            "affinity": "TEXT",
            "notNull": true
          },
          {
            "fieldPath": "tvScreenshots",
            "columnName": "tvScreenshots",
            "affinity": "TEXT",
            "notNull": true
          },
          {
            "fieldPath": "featureGraphic",
            "columnName": "featureGraphic",
            "affinity": "TEXT",
            "notNull": true
          },
          {
            "fieldPath": "promoGraphic",
            "columnName": "promoGraphic",
            "affinity": "TEXT",
            "notNull": true
          },
          {
            "fieldPath": "tvBanner",
            "columnName": "tvBanner",
            "affinity": "TEXT",
            "notNull": true
          },
          {
            "fieldPath": "video",
            "columnName": "video",
            "affinity": "TEXT",
            "notNull": true
          },
          {
            "fieldPath": "lastUpdated",
            "columnName": "lastUpdated",
            "affinity": "INTEGER",
            "notNull": true
          },
          {
            "fieldPath": "packages",
            "columnName": "packages",
            "affinity": "TEXT",
            "notNull": true
          }
        ],
        "primaryKey": {
          "autoGenerate": false,
          "columnNames": [
            "repoId",
            "packageName"
          ]
        },
        "indices": [],
        "foreignKeys": []
      },
      {
        "tableName": "repos",
        "createSql": "CREATE TABLE IF NOT EXISTS `${TABLE_NAME}` (`id` INTEGER PRIMARY KEY AUTOINCREMENT, `enabled` INTEGER NOT NULL, `fingerprint` TEXT NOT NULL, `etag` TEXT NOT NULL, `username` TEXT NOT NULL, `password` TEXT NOT NULL, `address` TEXT NOT NULL, `mirrors` BLOB NOT NULL, `name` TEXT NOT NULL, `description` TEXT NOT NULL, `antiFeatures` TEXT NOT NULL, `categories` TEXT NOT NULL, `timestamp` INTEGER NOT NULL)",
        "fields": [
          {
            "fieldPath": "id",
            "columnName": "id",
            "affinity": "INTEGER",
            "notNull": false
          },
          {
            "fieldPath": "enabled",
            "columnName": "enabled",
            "affinity": "INTEGER",
            "notNull": true
          },
          {
            "fieldPath": "fingerprint",
            "columnName": "fingerprint",
            "affinity": "TEXT",
            "notNull": true
          },
          {
            "fieldPath": "etag",
            "columnName": "etag",
            "affinity": "TEXT",
            "notNull": true
          },
          {
            "fieldPath": "username",
            "columnName": "username",
            "affinity": "TEXT",
            "notNull": true
          },
          {
            "fieldPath": "password",
            "columnName": "password",
            "affinity": "TEXT",
            "notNull": true
          },
          {
            "fieldPath": "address",
            "columnName": "address",
            "affinity": "TEXT",
            "notNull": true
          },
          {
            "fieldPath": "mirrors",
            "columnName": "mirrors",
            "affinity": "BLOB",
            "notNull": true
          },
          {
            "fieldPath": "name",
            "columnName": "name",
            "affinity": "TEXT",
            "notNull": true
          },
          {
            "fieldPath": "description",
            "columnName": "description",
            "affinity": "TEXT",
            "notNull": true
          },
          {
            "fieldPath": "antiFeatures",
            "columnName": "antiFeatures",
            "affinity": "TEXT",
            "notNull": true
          },
          {
            "fieldPath": "categories",
            "columnName": "categories",
            "affinity": "TEXT",
            "notNull": true
          },
          {
            "fieldPath": "timestamp",
            "columnName": "timestamp",
            "affinity": "INTEGER",
            "notNull": true
          }
        ],
        "primaryKey": {
          "autoGenerate": true,
          "columnNames": [
            "id"
          ]
        },
        "indices": [],
        "foreignKeys": []
      },
      {
        "tableName": "InstalledEntity",
        "createSql": "CREATE TABLE IF NOT EXISTS `${TABLE_NAME}` (`packageName` TEXT NOT NULL, `versionCode` INTEGER NOT NULL, `signature` TEXT NOT NULL, PRIMARY KEY(`packageName`))",
        "fields": [
          {
            "fieldPath": "packageName",
            "columnName": "packageName",
            "affinity": "TEXT",
            "notNull": true
          },
          {
            "fieldPath": "versionCode",
            "columnName": "versionCode",
            "affinity": "INTEGER",
            "notNull": true
          },
          {
            "fieldPath": "signature",
            "columnName": "signature",
            "affinity": "TEXT",
            "notNull": true
          }
        ],
        "primaryKey": {
          "autoGenerate": false,
          "columnNames": [
            "packageName"
          ]
        },
        "indices": [],
        "foreignKeys": []
      }
    ],
    "views": [],
    "setupQueries": [
      "CREATE TABLE IF NOT EXISTS room_master_table (id INTEGER PRIMARY KEY,identity_hash TEXT)",
      "INSERT OR REPLACE INTO room_master_table (id,identity_hash) VALUES(42, 'b01a8fae755b8b96d36459e885dea04b')"
    ]
  }
}