{
  "manifest_version": 2,
  "name": "",
  "version": "",
  "author": "",
  "description": "",
  "offline_enabled": true,
  "background": {
    "scripts": [
      "interface/lib/browserDetector.js",
      "cookie-editor.js"
    ],
    "persistent": false
  },
  "browser_action": {
    "default_icon": {
      "16": "icons/cookie-16-filled.png",
      "19": "icons/cookie-19-filled.png",
      "32": "icons/cookie-32-filled.png",
      "48": "icons/cookie-48-filled.png"
    },
    "default_title": "Cookie-Editor",
    "default_popup": "interface/popup/cookie-list.html"
  },
  "devtools_page": "interface/devtools/devtool.html",
  "permissions": [
    "<all_urls>",
    "clipboardWrite",
    "cookies",
    "storage",
    "tabs"
  ],
  "icons": {
    "16": "icons/cookie-16-filled.png",
    "19": "icons/cookie-19-filled.png",
    "32": "icons/cookie-32-filled.png",
    "48": "icons/cookie-48-filled.png",
    "128": "icons/cookie-128-filled.png"
  }
}
