{
  "manifest_version": 2,
  "name": "",
  "version": "",
  "author": "",
  "description": "",
  "background": {
    "scripts": [
      "interface/lib/browserDetector.js",
      "cookie-editor.js"
    ]
  },
  "browser_action": {
    "default_icon": {
      "16": "icons/cookie-filled-small.svg",
      "32": "icons/cookie-filled-small.svg",
      "48": "icons/cookie-filled.svg",
      "128": "icons/cookie-filled.svg"
    },
    "theme_icons": [
      {
        "light": "icons/cookie-light-small.svg",
        "dark": "icons/cookie-small.svg",
        "size": 16
      },
      {
        "light": "icons/cookie-light-small.svg",
        "dark": "icons/cookie-small.svg",
        "size": 32
      },
      {
        "light": "icons/cookie-light.svg",
        "dark": "icons/cookie.svg",
        "size": 128
      }
    ],
    "default_title": "Cookie-Editor",
    "default_popup": "interface/popup/cookie-list.html"
  },
  "devtools_page": "interface/devtools/devtool.html",
  "permissions": [
    "<all_urls>",
    "clipboardWrite",
    "cookies",
    "storage",
    "tabs"
  ],
  "icons": {
    "16": "icons/cookie-filled-small.svg",
    "19": "icons/cookie-filled-small.svg",
    "32": "icons/cookie-filled-small.svg",
    "48": "icons/cookie-filled.svg",
    "128": "icons/cookie-filled.svg"
  },
  "applications": {
    "gecko": {
      "id": "crx-cookie-editor@warren-bank.github.io",
      "strict_min_version": "58.0"
    }
  }
}
