<?xml version="1.0" encoding="UTF-8"?>
<!DOCTYPE plist PUBLIC "-//Apple//DTD PLIST 1.0//EN" "http://www.apple.com/DTDs/PropertyList-1.0.dtd">
<plist version="1.0">
    <dict>
        <key>audioFormats</key>
        <array>
            <dict>
                <key>audioInputFormats</key>
                <integer>67108860</integer>
                <key>audioOutputFormats</key>
                <integer>67108860</integer>
                <key>type</key>
                <integer>100</integer>
            </dict>
            <dict>
                <key>audioInputFormats</key>
                <integer>67108860</integer>
                <key>audioOutputFormats</key>
                <integer>67108860</integer>
                <key>type</key>
                <integer>101</integer>
            </dict>
        </array>
        <key>audioLatencies</key>
        <array>
            <dict>
                <key>audioType</key>
                <string>default</string>
                <key>inputLatencyMicros</key>
                <false/>
                <key>type</key>
                <integer>100</integer>
            </dict>
            <dict>
                <key>audioType</key>
                <string>default</string>
                <key>inputLatencyMicros</key>
                <false/>
                <key>type</key>
                <integer>101</integer>
            </dict>
        </array>
        <key>displays</key>
        <array>
            <dict>
                <key>features</key>
                <integer>14</integer>
                <key>height</key>
                <integer>1080</integer>
                <key>heightPhysical</key>
                <false/>
                <key>heightPixels</key>
                <integer>1080</integer>
                <key>maxFPS</key>
                <integer>30</integer>
                <key>overscanned</key>
                <false/>
                <key>refreshRate</key>
                <integer>60</integer>
                <key>rotation</key>
                <false/>
                <key>uuid</key>
                <string>e5f7a68d-7b0f-4305-984b-974f677a150b</string>
                <key>width</key>
                <integer>1920</integer>
                <key>widthPhysical</key>
                <false/>
                <key>widthPixels</key>
                <integer>1920</integer>
            </dict>
        </array>
        <key>features</key>
        <integer>130367356919</integer>
        <key>keepAliveSendStatsAsBody</key>
        <integer>1</integer>
        <key>model</key>
        <string>AppleTV2,1</string>
        <key>name</key>
        <string>Apple TV</string>
        <key>pi</key>
        <string>b08f5a79-db29-4384-b456-a4784d9e6055</string>
        <key>sourceVersion</key>
        <string>220.68</string>
        <key>statusFlags</key>
        <integer>68</integer>
        <key>vv</key>
        <integer>2</integer>
    </dict>
</plist>