<?xml version="1.0" encoding="iso-8859-1" standalone="yes" ?>
<installation version="1.0">
    <info>
        <appname>@{app.name}</appname>
        <appversion>@{app.version}</appversion>
        <authors>
            <author name="@{app.author.name}" email="@{app.author.email}" />
        </authors>
        <url>@{app.website}</url>
    </info><!-- GUI preferences: Sets the installer window to 640x480. It will not be resizable. -->
    <guiprefs width="640" height="480" resizable="yes">
        <modifier key="allXGap" value="0" />
        <modifier key="allYGap" value="0" />
        <modifier key="useHeadingPanel" value="yes" />
        <modifier key="useButtonIcons" value="yes" />
        <modifier key="useHeadingForSummary" value="yes" />
        <modifier key="headingImageOnLeft" value="yes" />
        <modifier key="headingLineCount" value="1" />
        <modifier key="headingFontSize" value="1.5" />
        <modifier key="headingBackgroundColor" value="0x00ffffff" />
        <modifier key="headingPanelCounter" value="text" />
        <modifier key="headingPanelCounterPos" value="inHeading" />
    </guiprefs>
    <variables>
        <variable name="DesktopShortcutCheckboxEnabled" value="true"/>
        <variable name="APP_NAME" value="@{app.name}"/>
        <variable name="UNIX_START_SCRIPT" value="@{app.unixStartScript}"/>
        <variable name="WIN_START_SCRIPT" value="@{app.winStartScript}"/>
    </variables><!-- Locale langpacks -->
    <locale>
        <langpack iso3="eng" />
    </locale>
    <resources>
        <res src="shortcutSpec.xml" id="shortcutSpec.xml"/>
        <res id="Unix_shortcutSpec.xml" src="Unix_shortcutSpec.xml"/>
    </resources>
    <panels>
        <panel classname="HelloPanel" />
        <panel classname="TargetPanel" />
        <panel classname="InstallPanel" />
        <panel classname="ShortcutPanel"/>
        <panel classname="SimpleFinishPanel" />
    </panels>
    <native type="izpack" name="ShellLink.dll"/>
    <native type="izpack" name="ShellLink_x64.dll" />
    <packs>
        <pack name="core" required="yes">
            <description>Uninstall files</description>
        </pack>
        <pack name="archive" required="no" preselected="yes" hidden="false">
            <description>Archive containing all files</description>
            <file
                src="@{app.archive.path}" unpack="true"
                targetdir="$INSTALL_PATH/" override="true" />
            <file
                src="@{app.logo}"
                targetdir="$INSTALL_PATH/" override="true" />
            <file
                src="@{app.ico}"
                targetdir="$INSTALL_PATH/" override="true" />
            <executable targetfile="$INSTALL_PATH/@{app.unixStartScript}"
                os="unix" stage="never" failure="warn" keep="true"/>
        </pack>
    </packs>
</installation>
