{
    "restore": "append",
    "searchengines": [{
        "shortname": "video - live TV #01 - CBS News [direct]",
        "iconurl": "https://cbsnews4.cbsistatic.com/fly/bundles/cbsnewscore/favicon.ico",
        "searchurl": "https://warren-bank.github.io/crx-webcast-reloaded/external_website/index.html#/watch/aHR0cHM6Ly93d3cuY2JzbmV3cy5jb20vY29tbW9uL3ZpZGVvL2RhaV9wcm9kLm0zdTg%253D",
        "method": "get",
        "encoding": "undefined",
        "position": 2,
        "isdefault": 0
    }, {
        "shortname": "video - live TV #02 - ABC News [direct]",
        "iconurl": "https://cdn1.edgedatg.com/aws/abc/prod/images/favicon-abc.ico",
        "searchurl": "https://warren-bank.github.io/crx-webcast-reloaded/external_website/index.html#/watch/aHR0cHM6Ly9hYmNsaXZlMi1saC5ha2FtYWloZC5uZXQvaS9hYmNfbGl2ZTExQDQyMzQwNC9tYXN0ZXIubTN1OA%253D%253D",
        "method": "get",
        "encoding": "undefined",
        "position": 2,
        "isdefault": 0
    }, {
        "shortname": "video - live TV #03 - Bloomberg TV [direct]",
        "iconurl": "https://assets.bwbx.io/s3/javelin/public/hub/images/apple-touch-icon-57x57-b572ef8093.png",
        "searchurl": "https://warren-bank.github.io/crx-webcast-reloaded/external_website/index.html#/watch/aHR0cHM6Ly9iYmxpdmUtbGl2ZXByb2R1c2Vhc3QuaHMubGxud2QubmV0L2J0di9kZXNrdG9wL3VzX2xpdmUubTN1OA%253D%253D",
        "method": "get",
        "encoding": "undefined",
        "position": 2,
        "isdefault": 0
    }, {
        "shortname": "video - live TV #05 - ABC News (Australia) [direct]",
        "iconurl": "http://www.abc.net.au/favicon.ico",
        "searchurl": "https://warren-bank.github.io/crx-webcast-reloaded/external_website/index.html#/watch/aHR0cHM6Ly9hYmMtaXZpZXctbWVkaWFwYWNrYWdlc3RyZWFtcy0xLmFrYW1haXplZC5uZXQvb3V0L3YxLzUwMzQ1YmYzNWY2NjQ3Mzk5MTJmMGIyNTVjMTcyYWU5L2luZGV4Lm0zdTg%253D",
        "method": "get",
        "encoding": "undefined",
        "position": 2,
        "isdefault": 0
    }, {
        "shortname": "video - live TV #06.03 - LiveNewsOn - MSNBC [direct]",
        "iconurl": "http://www.msnbc.com/sites/msnbc/themes/leanforward/favicon.ico",
        "searchurl": "https://warren-bank.github.io/crx-webcast-reloaded/external_website/index.html#/watch/aHR0cDovL3R2ZW1zbmJjLWxoLmFrYW1haWhkLm5ldC9pL25iY21zbmJjXzFAMTIyNTMyL21hc3Rlci5tM3U4",
        "method": "get",
        "encoding": "undefined",
        "position": 2,
        "isdefault": 0
    }, {
        "shortname": "video - live TV #08.01 - MLB Network [direct]",
        "iconurl": "http://ui.bamstatic.com/baseball/images/team-logos/current/favicon/mlb.ico",
        "searchurl": "https://warren-bank.github.io/crx-webcast-reloaded/external_website/index.html#/watch/aHR0cHM6Ly9tbGJsaXZlLWFrYy5tbGIuY29tL2xzMDEvbWxiYW0vbWxiX25ldHdvcmsvTkVUV09SS19MSU5FQVJfMS9tYXN0ZXJfd2lyZWQubTN1OA%253D%253D",
        "method": "get",
        "encoding": "undefined",
        "position": 2,
        "isdefault": 0
    }, {
        "shortname": "video - live TV #09.02 - ESPN (HLS-Proxy: vipleague.cc) [direct]",
        "iconurl": "http://a.espncdn.com/favicon.ico",
        "searchurl": "$ let payload = 'https://e1.livecamtv.me/zmelive/RKUtex2CodYBuOkTGq6A/playlist.m3u8'; let proxy_host = window.prompt('HLS-Proxy server:', 'http://192.168.0.100:8080'); if (!proxy_host) return ''; let base64_payload = window.btoa(payload); let base64_payload_with_extension = base64_payload + '.m3u8'; let proxy_server = proxy_host + '/' + base64_payload_with_extension; let base64_proxy_server = window.btoa(proxy_server); let webcast = 'https://warren-bank.github.io/crx-webcast-reloaded/external_website/index.html#/watch/' + base64_proxy_server; return webcast;",
        "method": "get",
        "encoding": "undefined",
        "position": 2,
        "isdefault": 0
    }, {
        "shortname": "video - live TV #09.03 - ESPN 2 (HLS-Proxy: vipleague.cc) [direct]",
        "iconurl": "http://a.espncdn.com/favicon.ico",
        "searchurl": "$ let payload = 'https://e1.livecamtv.me/zmelive/Qy4A0r6jvBxeaoIpsgZW/playlist.m3u8'; let proxy_host = window.prompt('HLS-Proxy server:', 'http://192.168.0.100:8080'); if (!proxy_host) return ''; let base64_payload = window.btoa(payload); let base64_payload_with_extension = base64_payload + '.m3u8'; let proxy_server = proxy_host + '/' + base64_payload_with_extension; let base64_proxy_server = window.btoa(proxy_server); let webcast = 'https://warren-bank.github.io/crx-webcast-reloaded/external_website/index.html#/watch/' + base64_proxy_server; return webcast;",
        "method": "get",
        "encoding": "undefined",
        "position": 2,
        "isdefault": 0
    }, {
        "shortname": "video - live TV #09.04 - ESPNU college athletics (HLS-Proxy: vipleague.cc) [direct]",
        "iconurl": "http://a.espncdn.com/favicon.ico",
        "searchurl": "$ let payload = 'https://e1.livecamtv.me/zmelive/NbBqJFshMLxlU95SWiDX/playlist.m3u8'; let proxy_host = window.prompt('HLS-Proxy server:', 'http://192.168.0.100:8080'); if (!proxy_host) return ''; let base64_payload = window.btoa(payload); let base64_payload_with_extension = base64_payload + '.m3u8'; let proxy_server = proxy_host + '/' + base64_payload_with_extension; let base64_proxy_server = window.btoa(proxy_server); let webcast = 'https://warren-bank.github.io/crx-webcast-reloaded/external_website/index.html#/watch/' + base64_proxy_server; return webcast;",
        "method": "get",
        "encoding": "undefined",
        "position": 2,
        "isdefault": 0
    }, {
        "shortname": "video - live TV #10.01 - NBA TV (HLS-Proxy: vipleague.cc) [direct]",
        "iconurl": "http://cdn.nba.net/assets/icons/favicon16.ico",
        "searchurl": "$ let payload = 'https://e1.livecamtv.me/zmelive/J0SrB4amf3YORDoMtwvs/playlist.m3u8'; let proxy_host = window.prompt('HLS-Proxy server:', 'http://192.168.0.100:8080'); if (!proxy_host) return ''; let base64_payload = window.btoa(payload); let base64_payload_with_extension = base64_payload + '.m3u8'; let proxy_server = proxy_host + '/' + base64_payload_with_extension; let base64_proxy_server = window.btoa(proxy_server); let webcast = 'https://warren-bank.github.io/crx-webcast-reloaded/external_website/index.html#/watch/' + base64_proxy_server; return webcast;",
        "method": "get",
        "encoding": "undefined",
        "position": 2,
        "isdefault": 0
    }, {
        "shortname": "video - live TV #11.01 - NFL Network (HLS-Proxy: vipleague.cc) [direct]",
        "iconurl": "http://i.nflcdn.com/static/site/7.5/img/favicon.png",
        "searchurl": "$ let payload = 'https://e1.livecamtv.me/zmelive/4ornXB7aDZHLViI6JS0b/playlist.m3u8'; let proxy_host = window.prompt('HLS-Proxy server:', 'http://192.168.0.100:8080'); if (!proxy_host) return ''; let base64_payload = window.btoa(payload); let base64_payload_with_extension = base64_payload + '.m3u8'; let proxy_server = proxy_host + '/' + base64_payload_with_extension; let base64_proxy_server = window.btoa(proxy_server); let webcast = 'https://warren-bank.github.io/crx-webcast-reloaded/external_website/index.html#/watch/' + base64_proxy_server; return webcast;",
        "method": "get",
        "encoding": "undefined",
        "position": 2,
        "isdefault": 0
    }]
}
